Name,Rarity,Hull,Link
Vestal,Elite,AR,https://docs.google.com/spreadsheets/d/1Y4t_fT2u3s6C6HxoF0-NH1jZZOhiMUgS0QoCLM9R4T8/edit#gid=1486999052
Akashi,SSR,AR,https://docs.google.com/spreadsheets/d/1Y4t_fT2u3s6C6HxoF0-NH1jZZOhiMUgS0QoCLM9R4T8/edit#gid=1555040921
Alabama,SSR,BB,https://docs.google.com/spreadsheets/d/1qev0WZp-YoyzwzbGRqSYcsTMiAu--dwSDy48bnkCXuY/edit#gid=1236473528
Amagi,SSR,BC,https://docs.google.com/spreadsheets/d/1qev0WZp-YoyzwzbGRqSYcsTMiAu--dwSDy48bnkCXuY/edit#gid=731360712
Bismarck,SSR,BB,https://docs.google.com/spreadsheets/d/1qev0WZp-YoyzwzbGRqSYcsTMiAu--dwSDy48bnkCXuY/edit#gid=641475776
Duke of York,SSR,BB,https://docs.google.com/spreadsheets/d/1qev0WZp-YoyzwzbGRqSYcsTMiAu--dwSDy48bnkCXuY/edit#gid=924641679
Hood,SSR,BC,https://docs.google.com/spreadsheets/d/1qev0WZp-YoyzwzbGRqSYcsTMiAu--dwSDy48bnkCXuY/edit#gid=1987597388
Jean Bart,SSR,BB,https://docs.google.com/spreadsheets/d/1qev0WZp-YoyzwzbGRqSYcsTMiAu--dwSDy48bnkCXuY/edit#gid=319165230
Kaga (Battleship),SSR,BB,https://docs.google.com/spreadsheets/d/1qev0WZp-YoyzwzbGRqSYcsTMiAu--dwSDy48bnkCXuY/edit#gid=924641679
King George V,SSR,BB,https://docs.google.com/spreadsheets/d/1qev0WZp-YoyzwzbGRqSYcsTMiAu--dwSDy48bnkCXuY/edit#gid=434146425
Littorio,SSR,BB,https://docs.google.com/spreadsheets/d/1qev0WZp-YoyzwzbGRqSYcsTMiAu--dwSDy48bnkCXuY/edit#gid=413845618
Massachusetts,SSR,BB,https://docs.google.com/spreadsheets/d/1qev0WZp-YoyzwzbGRqSYcsTMiAu--dwSDy48bnkCXuY/edit#gid=1331482193
Nagato,SSR,BB,https://docs.google.com/spreadsheets/d/1qev0WZp-YoyzwzbGRqSYcsTMiAu--dwSDy48bnkCXuY/edit#gid=1239069055
North Carolina,SSR,BB,https://docs.google.com/spreadsheets/d/1qev0WZp-YoyzwzbGRqSYcsTMiAu--dwSDy48bnkCXuY/edit#gid=1236473528
Prince of Wales,SSR,BB,https://docs.google.com/spreadsheets/d/1qev0WZp-YoyzwzbGRqSYcsTMiAu--dwSDy48bnkCXuY/edit#gid=924641679
South Dakota,SSR,BB,https://docs.google.com/spreadsheets/d/1qev0WZp-YoyzwzbGRqSYcsTMiAu--dwSDy48bnkCXuY/edit#gid=1236473528
Super Gamer Kizuna AI,SSR,BB,https://docs.google.com/spreadsheets/d/1qev0WZp-YoyzwzbGRqSYcsTMiAu--dwSDy48bnkCXuY/edit#gid=924641679
Tirpitz,SSR,BB,https://docs.google.com/spreadsheets/d/1qev0WZp-YoyzwzbGRqSYcsTMiAu--dwSDy48bnkCXuY/edit#gid=924641679
Warspite,SSR,BB,https://docs.google.com/spreadsheets/d/1qev0WZp-YoyzwzbGRqSYcsTMiAu--dwSDy48bnkCXuY/edit#gid=924641679
Washington,SSR,BB,https://docs.google.com/spreadsheets/d/1qev0WZp-YoyzwzbGRqSYcsTMiAu--dwSDy48bnkCXuY/edit#gid=1236473528
California,Rare,BB,https://docs.google.com/spreadsheets/d/1qev0WZp-YoyzwzbGRqSYcsTMiAu--dwSDy48bnkCXuY/edit#gid=1236473528
Conte di Cavour,Rare,BB,https://docs.google.com/spreadsheets/d/1qev0WZp-YoyzwzbGRqSYcsTMiAu--dwSDy48bnkCXuY/edit#gid=1236473528
Fusou,Rare,BB,https://docs.google.com/spreadsheets/d/1qev0WZp-YoyzwzbGRqSYcsTMiAu--dwSDy48bnkCXuY/edit#gid=924641679
Hyuuga,Rare,BB,https://docs.google.com/spreadsheets/d/1qev0WZp-YoyzwzbGRqSYcsTMiAu--dwSDy48bnkCXuY/edit#gid=924641679
Ise,Rare,BB,https://docs.google.com/spreadsheets/d/1qev0WZp-YoyzwzbGRqSYcsTMiAu--dwSDy48bnkCXuY/edit#gid=924641679
NevadaKai,Rare,BB,https://docs.google.com/spreadsheets/d/1qev0WZp-YoyzwzbGRqSYcsTMiAu--dwSDy48bnkCXuY/edit#gid=1236473528
OklahomaKai,Rare,BB,https://docs.google.com/spreadsheets/d/1qev0WZp-YoyzwzbGRqSYcsTMiAu--dwSDy48bnkCXuY/edit#gid=1236473528
Pennsylvania,Rare,BB,https://docs.google.com/spreadsheets/d/1qev0WZp-YoyzwzbGRqSYcsTMiAu--dwSDy48bnkCXuY/edit#gid=1236473528
Repulse,Rare,BB,https://docs.google.com/spreadsheets/d/1qev0WZp-YoyzwzbGRqSYcsTMiAu--dwSDy48bnkCXuY/edit#gid=1236473528
Tennessee,Rare,BB,https://docs.google.com/spreadsheets/d/1qev0WZp-YoyzwzbGRqSYcsTMiAu--dwSDy48bnkCXuY/edit#gid=1236473528
Yamashiro,Rare,BB,https://docs.google.com/spreadsheets/d/1qev0WZp-YoyzwzbGRqSYcsTMiAu--dwSDy48bnkCXuY/edit#gid=924641679
Izumo,PR,BB,https://docs.google.com/spreadsheets/d/1qev0WZp-YoyzwzbGRqSYcsTMiAu--dwSDy48bnkCXuY/edit#gid=924641679
Monarch,PR,BB,https://docs.google.com/spreadsheets/d/1qev0WZp-YoyzwzbGRqSYcsTMiAu--dwSDy48bnkCXuY/edit#gid=1239069055
Abercrombie,Elite,BM,https://docs.google.com/spreadsheets/d/1qev0WZp-YoyzwzbGRqSYcsTMiAu--dwSDy48bnkCXuY/edit#gid=1662145430
Arizona,Elite,BB,https://docs.google.com/spreadsheets/d/1qev0WZp-YoyzwzbGRqSYcsTMiAu--dwSDy48bnkCXuY/edit#gid=940113448
Colorado,Elite,BB,https://docs.google.com/spreadsheets/d/1qev0WZp-YoyzwzbGRqSYcsTMiAu--dwSDy48bnkCXuY/edit#gid=1236473528
Dunkerque,Elite,BC,https://docs.google.com/spreadsheets/d/1qev0WZp-YoyzwzbGRqSYcsTMiAu--dwSDy48bnkCXuY/edit#gid=924641679
Erebus,Elite,BM,https://docs.google.com/spreadsheets/d/1qev0WZp-YoyzwzbGRqSYcsTMiAu--dwSDy48bnkCXuY/edit#gid=1662145430
FusouKai,Elite,BBV,https://docs.google.com/spreadsheets/d/1qev0WZp-YoyzwzbGRqSYcsTMiAu--dwSDy48bnkCXuY/edit#gid=1459789434
Giulio Cesare,Elite,BB,https://docs.google.com/spreadsheets/d/1qev0WZp-YoyzwzbGRqSYcsTMiAu--dwSDy48bnkCXuY/edit#gid=1236473528
Gneisenau,Elite,BC,https://docs.google.com/spreadsheets/d/1qev0WZp-YoyzwzbGRqSYcsTMiAu--dwSDy48bnkCXuY/edit#gid=924641679
Haruna,Elite,BC,https://docs.google.com/spreadsheets/d/1qev0WZp-YoyzwzbGRqSYcsTMiAu--dwSDy48bnkCXuY/edit#gid=924641679
Hiei-chan,Elite,BC,https://docs.google.com/spreadsheets/d/1qev0WZp-YoyzwzbGRqSYcsTMiAu--dwSDy48bnkCXuY/edit#gid=924641679
HyuugaKai,Elite,BBV,https://docs.google.com/spreadsheets/d/1qev0WZp-YoyzwzbGRqSYcsTMiAu--dwSDy48bnkCXuY/edit#gid=1459789434
IseKai,Elite,BBV,https://docs.google.com/spreadsheets/d/1qev0WZp-YoyzwzbGRqSYcsTMiAu--dwSDy48bnkCXuY/edit#gid=1459789434
Kirishima,Elite,BC,https://docs.google.com/spreadsheets/d/1qev0WZp-YoyzwzbGRqSYcsTMiAu--dwSDy48bnkCXuY/edit#gid=731360712
Kongou,Elite,BC,https://docs.google.com/spreadsheets/d/1qev0WZp-YoyzwzbGRqSYcsTMiAu--dwSDy48bnkCXuY/edit#gid=924641679
Maryland,Elite,BB,https://docs.google.com/spreadsheets/d/1qev0WZp-YoyzwzbGRqSYcsTMiAu--dwSDy48bnkCXuY/edit#gid=1236473528
Mutsu,Elite,BB,https://docs.google.com/spreadsheets/d/1qev0WZp-YoyzwzbGRqSYcsTMiAu--dwSDy48bnkCXuY/edit#gid=924641679
Nelson,Elite,BB,https://docs.google.com/spreadsheets/d/1qev0WZp-YoyzwzbGRqSYcsTMiAu--dwSDy48bnkCXuY/edit#gid=1236473528
Queen Elizabeth,Elite,BB,https://docs.google.com/spreadsheets/d/1qev0WZp-YoyzwzbGRqSYcsTMiAu--dwSDy48bnkCXuY/edit#gid=924641679
Renown,Elite,BB,https://docs.google.com/spreadsheets/d/1qev0WZp-YoyzwzbGRqSYcsTMiAu--dwSDy48bnkCXuY/edit#gid=1236473528
Rodney,Elite,BB,https://docs.google.com/spreadsheets/d/1qev0WZp-YoyzwzbGRqSYcsTMiAu--dwSDy48bnkCXuY/edit#gid=924641679
Scharnhorst,Elite,BC,https://docs.google.com/spreadsheets/d/1qev0WZp-YoyzwzbGRqSYcsTMiAu--dwSDy48bnkCXuY/edit#gid=924641679
Terror,Elite,BM,https://docs.google.com/spreadsheets/d/1qev0WZp-YoyzwzbGRqSYcsTMiAu--dwSDy48bnkCXuY/edit#gid=1662145430
West Virginia,Elite,BB,https://docs.google.com/spreadsheets/d/1qev0WZp-YoyzwzbGRqSYcsTMiAu--dwSDy48bnkCXuY/edit#gid=1236473528
YamashiroKai,Elite,BBV,https://docs.google.com/spreadsheets/d/1qev0WZp-YoyzwzbGRqSYcsTMiAu--dwSDy48bnkCXuY/edit#gid=1459789434
Nevada,Common,BB,https://docs.google.com/spreadsheets/d/1qev0WZp-YoyzwzbGRqSYcsTMiAu--dwSDy48bnkCXuY/edit#gid=1236473528
Oklahoma,Common,BB,https://docs.google.com/spreadsheets/d/1qev0WZp-YoyzwzbGRqSYcsTMiAu--dwSDy48bnkCXuY/edit#gid=1236473528
Atago,SSR,CA,https://docs.google.com/spreadsheets/d/1qfcRnbkUhafAcufdcXIb3hjMA9f-T2TY2jDLE2E3H-4/edit#gid=1289647485
Baltimiore,SSR,CA,https://docs.google.com/spreadsheets/d/1qfcRnbkUhafAcufdcXIb3hjMA9f-T2TY2jDLE2E3H-4/edit#gid=998892644
Black Heart,SSR,CA,https://docs.google.com/spreadsheets/d/1qfcRnbkUhafAcufdcXIb3hjMA9f-T2TY2jDLE2E3H-4/edit#gid=1189071817
Choukai,SSR,CA,https://docs.google.com/spreadsheets/d/1qfcRnbkUhafAcufdcXIb3hjMA9f-T2TY2jDLE2E3H-4/edit#gid=2129598467
Elegant Kizuna AI,SSR,CA,https://docs.google.com/spreadsheets/d/1qfcRnbkUhafAcufdcXIb3hjMA9f-T2TY2jDLE2E3H-4/edit#gid=1189071817
ExeterKai,SSR,CA,https://docs.google.com/spreadsheets/d/1qfcRnbkUhafAcufdcXIb3hjMA9f-T2TY2jDLE2E3H-4/edit#gid=1189071817
LondonKai,SSR,CA,https://docs.google.com/spreadsheets/d/1qfcRnbkUhafAcufdcXIb3hjMA9f-T2TY2jDLE2E3H-4/edit?ts=5d300182#gid=271190048
Maya,SSR,CA,https://docs.google.com/spreadsheets/d/1qfcRnbkUhafAcufdcXIb3hjMA9f-T2TY2jDLE2E3H-4/edit#gid=1189071817
Minneapolis,SSR,CA,https://docs.google.com/spreadsheets/d/1qfcRnbkUhafAcufdcXIb3hjMA9f-T2TY2jDLE2E3H-4/edit#gid=251144334
MogamiKai,SSR,CA,https://docs.google.com/spreadsheets/d/1qfcRnbkUhafAcufdcXIb3hjMA9f-T2TY2jDLE2E3H-4/edit#gid=1189071817
Prinz Eugen,SSR,CA,https://docs.google.com/spreadsheets/d/1qfcRnbkUhafAcufdcXIb3hjMA9f-T2TY2jDLE2E3H-4/edit#gid=1189071817
Takao,SSR,CA,https://docs.google.com/spreadsheets/d/1qfcRnbkUhafAcufdcXIb3hjMA9f-T2TY2jDLE2E3H-4/edit#gid=2129598467
YorkKai,SSR,CA,https://docs.google.com/spreadsheets/d/1qfcRnbkUhafAcufdcXIb3hjMA9f-T2TY2jDLE2E3H-4/edit#gid=1189071817
Zara,SSR,CA,https://docs.google.com/spreadsheets/d/1qfcRnbkUhafAcufdcXIb3hjMA9f-T2TY2jDLE2E3H-4/edit#gid=1772740115
Chicago,Rare,CA,https://docs.google.com/spreadsheets/d/1qfcRnbkUhafAcufdcXIb3hjMA9f-T2TY2jDLE2E3H-4/edit#gid=1233986865
FurutakaKai,Rare,CA,https://docs.google.com/spreadsheets/d/1qfcRnbkUhafAcufdcXIb3hjMA9f-T2TY2jDLE2E3H-4/edit#gid=1189071817
KakoKai,Rare,CA,https://docs.google.com/spreadsheets/d/1qfcRnbkUhafAcufdcXIb3hjMA9f-T2TY2jDLE2E3H-4/edit#gid=1189071817
Kent,Rare,CA,https://docs.google.com/spreadsheets/d/1qfcRnbkUhafAcufdcXIb3hjMA9f-T2TY2jDLE2E3H-4/edit#gid=1189071817
Myoukou,Rare,CA,https://docs.google.com/spreadsheets/d/1qfcRnbkUhafAcufdcXIb3hjMA9f-T2TY2jDLE2E3H-4/edit#gid=1189071817
Nachi,Rare,CA,https://docs.google.com/spreadsheets/d/1qfcRnbkUhafAcufdcXIb3hjMA9f-T2TY2jDLE2E3H-4/edit#gid=1189071817
Norfolk,Rare,CA,https://docs.google.com/spreadsheets/d/1qfcRnbkUhafAcufdcXIb3hjMA9f-T2TY2jDLE2E3H-4/edit#gid=1189071817
Northampton,Rare,CA,https://docs.google.com/spreadsheets/d/1qfcRnbkUhafAcufdcXIb3hjMA9f-T2TY2jDLE2E3H-4/edit#gid=1189071817
Portland,Rare,CA,https://docs.google.com/spreadsheets/d/1qfcRnbkUhafAcufdcXIb3hjMA9f-T2TY2jDLE2E3H-4/edit#gid=251144334
Shropshire,Rare,CA,https://docs.google.com/spreadsheets/d/1qfcRnbkUhafAcufdcXIb3hjMA9f-T2TY2jDLE2E3H-4/edit#gid=2129598467
Suffolk,Rare,CA,https://docs.google.com/spreadsheets/d/1qfcRnbkUhafAcufdcXIb3hjMA9f-T2TY2jDLE2E3H-4/edit#gid=2129598467
Sussex,Rare,CA,https://docs.google.com/spreadsheets/d/1qfcRnbkUhafAcufdcXIb3hjMA9f-T2TY2jDLE2E3H-4/edit#gid=2129598467
Trento,Rare,CA,https://docs.google.com/spreadsheets/d/1qfcRnbkUhafAcufdcXIb3hjMA9f-T2TY2jDLE2E3H-4/edit#gid=1189071817
Ibuki,PR,CA,https://docs.google.com/spreadsheets/d/1qfcRnbkUhafAcufdcXIb3hjMA9f-T2TY2jDLE2E3H-4/edit#gid=1866366450
Roon,PR,CA,https://docs.google.com/spreadsheets/d/1qfcRnbkUhafAcufdcXIb3hjMA9f-T2TY2jDLE2E3H-4/edit#gid=702412819
Saint Louis,PR,CA,https://docs.google.com/spreadsheets/d/1qfcRnbkUhafAcufdcXIb3hjMA9f-T2TY2jDLE2E3H-4/edit#gid=1289647485
Admiral Graf Spee,Elite,CA,https://docs.google.com/spreadsheets/d/1qfcRnbkUhafAcufdcXIb3hjMA9f-T2TY2jDLE2E3H-4/edit#gid=1189071817
Admiral Hipper,Elite,CA,https://docs.google.com/spreadsheets/d/1qfcRnbkUhafAcufdcXIb3hjMA9f-T2TY2jDLE2E3H-4/edit#gid=1189071817
Ashigara,Elite,CA,https://docs.google.com/spreadsheets/d/1qfcRnbkUhafAcufdcXIb3hjMA9f-T2TY2jDLE2E3H-4/edit#gid=1189071817
Astoria,Elite,CA,https://docs.google.com/spreadsheets/d/1qfcRnbkUhafAcufdcXIb3hjMA9f-T2TY2jDLE2E3H-4/edit#gid=251144334
Deutschland,Elite,CA,https://docs.google.com/spreadsheets/d/1qfcRnbkUhafAcufdcXIb3hjMA9f-T2TY2jDLE2E3H-4/edit#gid=1189071817
Dorsetshire,Elite,CA,https://docs.google.com/spreadsheets/d/1qfcRnbkUhafAcufdcXIb3hjMA9f-T2TY2jDLE2E3H-4/edit#gid=1189071817
Exeter,Elite,CA,https://docs.google.com/spreadsheets/d/1qfcRnbkUhafAcufdcXIb3hjMA9f-T2TY2jDLE2E3H-4/edit#gid=1189071817
Houston,Elite,CA,https://docs.google.com/spreadsheets/d/1qfcRnbkUhafAcufdcXIb3hjMA9f-T2TY2jDLE2E3H-4/edit#gid=251144334
Indianapolis,Elite,CA,https://docs.google.com/spreadsheets/d/1qfcRnbkUhafAcufdcXIb3hjMA9f-T2TY2jDLE2E3H-4/edit#gid=251144334
London,Elite,CA,https://docs.google.com/spreadsheets/d/1qfcRnbkUhafAcufdcXIb3hjMA9f-T2TY2jDLE2E3H-4/edit#gid=1189071817
Noire,Elite,CA,https://docs.google.com/spreadsheets/d/1qfcRnbkUhafAcufdcXIb3hjMA9f-T2TY2jDLE2E3H-4/edit#gid=1189071817
PortlandKai,Elite,CA,https://docs.google.com/spreadsheets/d/1qfcRnbkUhafAcufdcXIb3hjMA9f-T2TY2jDLE2E3H-4/edit#gid=251144334
Quincy,Elite,CA,https://docs.google.com/spreadsheets/d/1qfcRnbkUhafAcufdcXIb3hjMA9f-T2TY2jDLE2E3H-4/edit#gid=251144334
SuffolkKai,Elite,CA,https://docs.google.com/spreadsheets/d/1qfcRnbkUhafAcufdcXIb3hjMA9f-T2TY2jDLE2E3H-4/edit#gid=2129598467
Vincennes,Elite,CA,https://docs.google.com/spreadsheets/d/1qfcRnbkUhafAcufdcXIb3hjMA9f-T2TY2jDLE2E3H-4/edit#gid=251144334
Wichita,Elite,CA,https://docs.google.com/spreadsheets/d/1qfcRnbkUhafAcufdcXIb3hjMA9f-T2TY2jDLE2E3H-4/edit#gid=1233986865
York,Elite,CA,https://docs.google.com/spreadsheets/d/1qfcRnbkUhafAcufdcXIb3hjMA9f-T2TY2jDLE2E3H-4/edit#gid=1189071817
Aoba,Common,CA,https://docs.google.com/spreadsheets/d/1qfcRnbkUhafAcufdcXIb3hjMA9f-T2TY2jDLE2E3H-4/edit#gid=1189071817
Furutaka,Common,CA,https://docs.google.com/spreadsheets/d/1qfcRnbkUhafAcufdcXIb3hjMA9f-T2TY2jDLE2E3H-4/edit#gid=1189071817
Kako,Common,CA,https://docs.google.com/spreadsheets/d/1qfcRnbkUhafAcufdcXIb3hjMA9f-T2TY2jDLE2E3H-4/edit#gid=1189071817
Kinugasa,Common,CA,https://docs.google.com/spreadsheets/d/1qfcRnbkUhafAcufdcXIb3hjMA9f-T2TY2jDLE2E3H-4/edit#gid=1189071817
Pensacola,Common,CA,https://docs.google.com/spreadsheets/d/1qfcRnbkUhafAcufdcXIb3hjMA9f-T2TY2jDLE2E3H-4/edit#gid=251144334
Salt Lake City,Common,CA,https://docs.google.com/spreadsheets/d/1qfcRnbkUhafAcufdcXIb3hjMA9f-T2TY2jDLE2E3H-4/edit#gid=251144334
Concord,Rare,CL,https://docs.google.com/spreadsheets/d/1WsOM6HQd9GretI-neVAoWnVNw8tUjt6h5u0z6JiFszc/edit#gid=866681403
Avrora,SSR,CL,https://docs.google.com/spreadsheets/d/1WsOM6HQd9GretI-neVAoWnVNw8tUjt6h5u0z6JiFszc/edit#gid=1389579413
Belfast,SSR,CL,https://docs.google.com/spreadsheets/d/1WsOM6HQd9GretI-neVAoWnVNw8tUjt6h5u0z6JiFszc/edit#gid=570915348
Emile BertinKai,SSR,CL,https://docs.google.com/spreadsheets/d/1WsOM6HQd9GretI-neVAoWnVNw8tUjt6h5u0z6JiFszc/edit#gid=1389579413
JintsuuKai,SSR,CL,https://docs.google.com/spreadsheets/d/1WsOM6HQd9GretI-neVAoWnVNw8tUjt6h5u0z6JiFszc/edit#gid=1675719593
Montpelier,SSR,CL,https://docs.google.com/spreadsheets/d/1WsOM6HQd9GretI-neVAoWnVNw8tUjt6h5u0z6JiFszc/edit#gid=866681403
Ning HaiKai,SSR,CL,https://docs.google.com/spreadsheets/d/1WsOM6HQd9GretI-neVAoWnVNw8tUjt6h5u0z6JiFszc/edit#gid=1389579413
Ping HaiKai,SSR,CL,https://docs.google.com/spreadsheets/d/1WsOM6HQd9GretI-neVAoWnVNw8tUjt6h5u0z6JiFszc/edit#gid=1389579413
Purple Heart,SSR,CL,https://docs.google.com/spreadsheets/d/1WsOM6HQd9GretI-neVAoWnVNw8tUjt6h5u0z6JiFszc/edit#gid=1389579413
San Diego,SSR,CL,https://docs.google.com/spreadsheets/d/1WsOM6HQd9GretI-neVAoWnVNw8tUjt6h5u0z6JiFszc/edit#gid=1156505157
Sirius,SSR,CL,https://docs.google.com/spreadsheets/d/1WsOM6HQd9GretI-neVAoWnVNw8tUjt6h5u0z6JiFszc/edit#gid=1167667169
AbukumaKai,Rare,CL,https://docs.google.com/spreadsheets/d/1WsOM6HQd9GretI-neVAoWnVNw8tUjt6h5u0z6JiFszc/edit#gid=1389579413
Achilles,Rare,CL,https://docs.google.com/spreadsheets/d/1WsOM6HQd9GretI-neVAoWnVNw8tUjt6h5u0z6JiFszc/edit#gid=1389579413
Ajax,Rare,CL,https://docs.google.com/spreadsheets/d/1WsOM6HQd9GretI-neVAoWnVNw8tUjt6h5u0z6JiFszc/edit#gid=1389579413
Arethusa,Rare,CL,https://docs.google.com/spreadsheets/d/1WsOM6HQd9GretI-neVAoWnVNw8tUjt6h5u0z6JiFszc/edit#gid=1389579413
Atlanta,Rare,CL,https://docs.google.com/spreadsheets/d/1WsOM6HQd9GretI-neVAoWnVNw8tUjt6h5u0z6JiFszc/edit#gid=1156505157
Brooklyn,Rare,CL,https://docs.google.com/spreadsheets/d/1WsOM6HQd9GretI-neVAoWnVNw8tUjt6h5u0z6JiFszc/edit#gid=866681403
Curacoa,Rare,CL,https://docs.google.com/spreadsheets/d/1WsOM6HQd9GretI-neVAoWnVNw8tUjt6h5u0z6JiFszc/edit#gid=1569611360
Curlew,Rare,CL,https://docs.google.com/spreadsheets/d/1WsOM6HQd9GretI-neVAoWnVNw8tUjt6h5u0z6JiFszc/edit#gid=1569611360
Fiji,Rare,CL,https://docs.google.com/spreadsheets/d/1WsOM6HQd9GretI-neVAoWnVNw8tUjt6h5u0z6JiFszc/edit#gid=1389579413
Galatea,Rare,CL,https://docs.google.com/spreadsheets/d/1WsOM6HQd9GretI-neVAoWnVNw8tUjt6h5u0z6JiFszc/edit#gid=1389579413
Honolulu,Rare,CL,https://docs.google.com/spreadsheets/d/1WsOM6HQd9GretI-neVAoWnVNw8tUjt6h5u0z6JiFszc/edit#gid=866681403
Isuzu,Rare,CL,https://docs.google.com/spreadsheets/d/1WsOM6HQd9GretI-neVAoWnVNw8tUjt6h5u0z6JiFszc/edit#gid=1156505157
Jamaica,Rare,CL,https://docs.google.com/spreadsheets/d/1WsOM6HQd9GretI-neVAoWnVNw8tUjt6h5u0z6JiFszc/edit#gid=1389579413
Juneau,Rare,CL,https://docs.google.com/spreadsheets/d/1WsOM6HQd9GretI-neVAoWnVNw8tUjt6h5u0z6JiFszc/edit#gid=1156505157
KarlsruheKai,Rare,CL,https://docs.google.com/spreadsheets/d/1WsOM6HQd9GretI-neVAoWnVNw8tUjt6h5u0z6JiFszc/edit#gid=1389579413
KolnKai,Rare,CL,https://docs.google.com/spreadsheets/d/1WsOM6HQd9GretI-neVAoWnVNw8tUjt6h5u0z6JiFszc/edit#gid=1389579413
LeanderKai,Rare,CL,https://docs.google.com/spreadsheets/d/1WsOM6HQd9GretI-neVAoWnVNw8tUjt6h5u0z6JiFszc/edit#gid=1389579413
Leipzig,Rare,CL,https://docs.google.com/spreadsheets/d/1WsOM6HQd9GretI-neVAoWnVNw8tUjt6h5u0z6JiFszc/edit#gid=1389579413
Naka,Rare,CL,https://docs.google.com/spreadsheets/d/1WsOM6HQd9GretI-neVAoWnVNw8tUjt6h5u0z6JiFszc/edit#gid=1389579413
San Juan,Rare,CL,https://docs.google.com/spreadsheets/d/1WsOM6HQd9GretI-neVAoWnVNw8tUjt6h5u0z6JiFszc/edit#gid=1156505157
Phoenix,Rare,CL,https://docs.google.com/spreadsheets/d/1WsOM6HQd9GretI-neVAoWnVNw8tUjt6h5u0z6JiFszc/edit#gid=866681403
Sendai,Rare,CL,https://docs.google.com/spreadsheets/d/1WsOM6HQd9GretI-neVAoWnVNw8tUjt6h5u0z6JiFszc/edit#gid=1675719593
Southampton,Rare,CL,https://docs.google.com/spreadsheets/d/1WsOM6HQd9GretI-neVAoWnVNw8tUjt6h5u0z6JiFszc/edit#gid=866681403
Trento,Rare,CL,https://docs.google.com/spreadsheets/d/1WsOM6HQd9GretI-neVAoWnVNw8tUjt6h5u0z6JiFszc/edit#gid=866681403
Neptune,PR,CL,https://docs.google.com/spreadsheets/d/1WsOM6HQd9GretI-neVAoWnVNw8tUjt6h5u0z6JiFszc/edit#gid=1389579413
AchillesKai,Elite,CL,https://docs.google.com/spreadsheets/d/1WsOM6HQd9GretI-neVAoWnVNw8tUjt6h5u0z6JiFszc/edit#gid=1389579413
Agano,Elite,CL,https://docs.google.com/spreadsheets/d/1WsOM6HQd9GretI-neVAoWnVNw8tUjt6h5u0z6JiFszc/edit#gid=1675719593
AjaxKai,Elite,CL,https://docs.google.com/spreadsheets/d/1WsOM6HQd9GretI-neVAoWnVNw8tUjt6h5u0z6JiFszc/edit#gid=1389579413
Aurora,Elite,CL,https://docs.google.com/spreadsheets/d/1WsOM6HQd9GretI-neVAoWnVNw8tUjt6h5u0z6JiFszc/edit#gid=1389579413
Black Prince,Elite,CL,https://docs.google.com/spreadsheets/d/1WsOM6HQd9GretI-neVAoWnVNw8tUjt6h5u0z6JiFszc/edit#gid=1389579413
Belchan,Elite,CL,https://docs.google.com/spreadsheets/d/1WsOM6HQd9GretI-neVAoWnVNw8tUjt6h5u0z6JiFszc/edit#gid=1389579413
Columbia,Elite,CL,https://docs.google.com/spreadsheets/d/1WsOM6HQd9GretI-neVAoWnVNw8tUjt6h5u0z6JiFszc/edit#gid=866681403
CuracoaKai,Elite,CL,https://docs.google.com/spreadsheets/d/1WsOM6HQd9GretI-neVAoWnVNw8tUjt6h5u0z6JiFszc/edit#gid=1389579413
CurlewKai,Elite,CL,https://docs.google.com/spreadsheets/d/1WsOM6HQd9GretI-neVAoWnVNw8tUjt6h5u0z6JiFszc/edit#gid=1389579413
Denver,Elite,CL,https://docs.google.com/spreadsheets/d/1WsOM6HQd9GretI-neVAoWnVNw8tUjt6h5u0z6JiFszc/edit#gid=866681403
Edinburgh,Elite,CL,https://docs.google.com/spreadsheets/d/1WsOM6HQd9GretI-neVAoWnVNw8tUjt6h5u0z6JiFszc/edit#gid=1389579413
Emile Bertin,Elite,CL,https://docs.google.com/spreadsheets/d/1WsOM6HQd9GretI-neVAoWnVNw8tUjt6h5u0z6JiFszc/edit#gid=1389579413
HDN Neptune,Elite,CL,https://docs.google.com/spreadsheets/d/1WsOM6HQd9GretI-neVAoWnVNw8tUjt6h5u0z6JiFszc/edit#gid=1389579413
Helena,Elite,CL,https://docs.google.com/spreadsheets/d/1WsOM6HQd9GretI-neVAoWnVNw8tUjt6h5u0z6JiFszc/edit#gid=866681403
Brimingham,Elite,CL,https://docs.google.com/spreadsheets/d/1WsOM6HQd9GretI-neVAoWnVNw8tUjt6h5u0z6JiFszc/edit#gid=866681403
Jintsuu,Elite,CL,https://docs.google.com/spreadsheets/d/1WsOM6HQd9GretI-neVAoWnVNw8tUjt6h5u0z6JiFszc/edit#gid=1675719593
LeipzigKai,Elite,CL,https://docs.google.com/spreadsheets/d/1WsOM6HQd9GretI-neVAoWnVNw8tUjt6h5u0z6JiFszc/edit#gid=1389579413
Lena,Elite,CL,https://docs.google.com/spreadsheets/d/1WsOM6HQd9GretI-neVAoWnVNw8tUjt6h5u0z6JiFszc/edit#gid=866681403
Mikuma,Elite,CL,https://docs.google.com/spreadsheets/d/1WsOM6HQd9GretI-neVAoWnVNw8tUjt6h5u0z6JiFszc/edit#gid=1389579413
Mogami,Elite,CL,https://docs.google.com/spreadsheets/d/1WsOM6HQd9GretI-neVAoWnVNw8tUjt6h5u0z6JiFszc/edit#gid=1389579413
Ning Hai,Elite,CL,https://docs.google.com/spreadsheets/d/1WsOM6HQd9GretI-neVAoWnVNw8tUjt6h5u0z6JiFszc/edit#gid=1389579413
Ping Hai,Elite,CL,https://docs.google.com/spreadsheets/d/1WsOM6HQd9GretI-neVAoWnVNw8tUjt6h5u0z6JiFszc/edit#gid=1389579413
Sandy,Elite,CL,https://docs.google.com/spreadsheets/d/1WsOM6HQd9GretI-neVAoWnVNw8tUjt6h5u0z6JiFszc/edit#gid=1389579413
SendaiKai,Elite,CL,https://docs.google.com/spreadsheets/d/1WsOM6HQd9GretI-neVAoWnVNw8tUjt6h5u0z6JiFszc/edit#gid=1675719593
Sheffield,Elite,CL,https://docs.google.com/spreadsheets/d/1WsOM6HQd9GretI-neVAoWnVNw8tUjt6h5u0z6JiFszc/edit#gid=1389579413
Small Cleveland,Elite,CL,https://docs.google.com/spreadsheets/d/1WsOM6HQd9GretI-neVAoWnVNw8tUjt6h5u0z6JiFszc/edit#gid=866681403
St. Louis,Elite,CL,https://docs.google.com/spreadsheets/d/1WsOM6HQd9GretI-neVAoWnVNw8tUjt6h5u0z6JiFszc/edit#gid=866681403
Yat Sen,Elite,CL,https://docs.google.com/spreadsheets/d/1WsOM6HQd9GretI-neVAoWnVNw8tUjt6h5u0z6JiFszc/edit#gid=709935240
Yuubari,Elite,CL,https://docs.google.com/spreadsheets/d/1WsOM6HQd9GretI-neVAoWnVNw8tUjt6h5u0z6JiFszc/edit#gid=1389579413
Abukuma,Common,CL,https://docs.google.com/spreadsheets/d/1WsOM6HQd9GretI-neVAoWnVNw8tUjt6h5u0z6JiFszc/edit#gid=1389579413
Karlsruhe,Common,CL,https://docs.google.com/spreadsheets/d/1WsOM6HQd9GretI-neVAoWnVNw8tUjt6h5u0z6JiFszc/edit#gid=1389579413
Koln,Common,CL,https://docs.google.com/spreadsheets/d/1WsOM6HQd9GretI-neVAoWnVNw8tUjt6h5u0z6JiFszc/edit#gid=1389579413
Konigsberg,Common,CL,https://docs.google.com/spreadsheets/d/1WsOM6HQd9GretI-neVAoWnVNw8tUjt6h5u0z6JiFszc/edit#gid=1389579413
Leander,Common,CL,https://docs.google.com/spreadsheets/d/1WsOM6HQd9GretI-neVAoWnVNw8tUjt6h5u0z6JiFszc/edit#gid=1389579413
Nagara,Common,CL,https://docs.google.com/spreadsheets/d/1WsOM6HQd9GretI-neVAoWnVNw8tUjt6h5u0z6JiFszc/edit#gid=1389579413
Omaha,Common,CL,https://docs.google.com/spreadsheets/d/1WsOM6HQd9GretI-neVAoWnVNw8tUjt6h5u0z6JiFszc/edit#gid=866681403
Raleigh,Common,CL,https://docs.google.com/spreadsheets/d/1WsOM6HQd9GretI-neVAoWnVNw8tUjt6h5u0z6JiFszc/edit#gid=866681403
Richmond,Common,CL,https://docs.google.com/spreadsheets/d/1WsOM6HQd9GretI-neVAoWnVNw8tUjt6h5u0z6JiFszc/edit#gid=866681403
Cleveland,Best Girl Elite,CL,https://docs.google.com/spreadsheets/d/1WsOM6HQd9GretI-neVAoWnVNw8tUjt6h5u0z6JiFszc/edit#gid=866681403
Akagi,SSR,CV,https://docs.google.com/spreadsheets/d/1fNTYie8SJYngtsKyVItQTjhCEBCey1h4s-1rv7Xl4N0/edit#gid=143095963
Anniversary Kizuna AI,SSR,CV,https://docs.google.com/spreadsheets/d/1fNTYie8SJYngtsKyVItQTjhCEBCey1h4s-1rv7Xl4N0/edit#gid=143095963
Enterprise,SSR,CV,https://docs.google.com/spreadsheets/d/1fNTYie8SJYngtsKyVItQTjhCEBCey1h4s-1rv7Xl4N0/edit#gid=143095963
Essex,SSR,CV,https://docs.google.com/spreadsheets/d/1fNTYie8SJYngtsKyVItQTjhCEBCey1h4s-1rv7Xl4N0/edit#gid=143095963
Formidable,SSR,CV,https://docs.google.com/spreadsheets/d/1fNTYie8SJYngtsKyVItQTjhCEBCey1h4s-1rv7Xl4N0/edit#gid=1061111204
Graf Zeppelin,SSR,CV,https://docs.google.com/spreadsheets/d/1fNTYie8SJYngtsKyVItQTjhCEBCey1h4s-1rv7Xl4N0/edit#gid=1886349068
Green Heart,SSR,CV,https://docs.google.com/spreadsheets/d/1fNTYie8SJYngtsKyVItQTjhCEBCey1h4s-1rv7Xl4N0/edit#gid=401478699
HiryuuKai,SSR,CV,https://docs.google.com/spreadsheets/d/1fNTYie8SJYngtsKyVItQTjhCEBCey1h4s-1rv7Xl4N0/edit#gid=143095963
Illustrious,SSR,CV,https://docs.google.com/spreadsheets/d/1fNTYie8SJYngtsKyVItQTjhCEBCey1h4s-1rv7Xl4N0/edit#gid=38938021
Kaga,SSR,CV,https://docs.google.com/spreadsheets/d/1fNTYie8SJYngtsKyVItQTjhCEBCey1h4s-1rv7Xl4N0/edit#gid=143095963
SaratogaKai,SSR,CV,https://docs.google.com/spreadsheets/d/1fNTYie8SJYngtsKyVItQTjhCEBCey1h4s-1rv7Xl4N0/edit#gid=401478699
Shoukaku,SSR,CV,https://docs.google.com/spreadsheets/d/1fNTYie8SJYngtsKyVItQTjhCEBCey1h4s-1rv7Xl4N0/edit#gid=143095963
SouryuuKai,SSR,CV,https://docs.google.com/spreadsheets/d/1fNTYie8SJYngtsKyVItQTjhCEBCey1h4s-1rv7Xl4N0/edit#gid=143095963
Taihou,SSR,CV,https://docs.google.com/spreadsheets/d/1fNTYie8SJYngtsKyVItQTjhCEBCey1h4s-1rv7Xl4N0/edit#gid=143095963
Victorious,SSR,CV,https://docs.google.com/spreadsheets/d/1fNTYie8SJYngtsKyVItQTjhCEBCey1h4s-1rv7Xl4N0/edit#gid=143095963
Zuikaku,SSR,CV,https://docs.google.com/spreadsheets/d/1fNTYie8SJYngtsKyVItQTjhCEBCey1h4s-1rv7Xl4N0/edit#gid=143095963
Wasp,Rare,CV,https://docs.google.com/spreadsheets/d/1fNTYie8SJYngtsKyVItQTjhCEBCey1h4s-1rv7Xl4N0/edit#gid=143095963
Ark Royal,Elite,CV,https://docs.google.com/spreadsheets/d/1fNTYie8SJYngtsKyVItQTjhCEBCey1h4s-1rv7Xl4N0/edit#gid=59504750
Glorious,Elite,CV,https://docs.google.com/spreadsheets/d/1fNTYie8SJYngtsKyVItQTjhCEBCey1h4s-1rv7Xl4N0/edit#gid=1948433987
Hiryuu,Elite,CV,https://docs.google.com/spreadsheets/d/1fNTYie8SJYngtsKyVItQTjhCEBCey1h4s-1rv7Xl4N0/edit#gid=143095963
Hornet,Elite,CV,https://docs.google.com/spreadsheets/d/1fNTYie8SJYngtsKyVItQTjhCEBCey1h4s-1rv7Xl4N0/edit#gid=143095963
Lexington,Elite,CV,https://docs.google.com/spreadsheets/d/1fNTYie8SJYngtsKyVItQTjhCEBCey1h4s-1rv7Xl4N0/edit#gid=401478699
Little Akagi,Elite,CV,https://docs.google.com/spreadsheets/d/1fNTYie8SJYngtsKyVItQTjhCEBCey1h4s-1rv7Xl4N0/edit#gid=143095963
Little Zeppelin,Elite,CV,https://docs.google.com/spreadsheets/d/1fNTYie8SJYngtsKyVItQTjhCEBCey1h4s-1rv7Xl4N0/edit#gid=143095963
Saratoga,Elite,CV,https://docs.google.com/spreadsheets/d/1fNTYie8SJYngtsKyVItQTjhCEBCey1h4s-1rv7Xl4N0/edit#gid=401478699
Souryuu,Elite,CV,https://docs.google.com/spreadsheets/d/1fNTYie8SJYngtsKyVItQTjhCEBCey1h4s-1rv7Xl4N0/edit#gid=143095963
Vert,Elite,CV,https://docs.google.com/spreadsheets/d/1fNTYie8SJYngtsKyVItQTjhCEBCey1h4s-1rv7Xl4N0/edit#gid=401478699
Yorktown,Elite,CV,https://docs.google.com/spreadsheets/d/1fNTYie8SJYngtsKyVItQTjhCEBCey1h4s-1rv7Xl4N0/edit#gid=143095963
Bogue,Common,CVL,https://docs.google.com/spreadsheets/d/1CR2DGTeednInCOThhD3KW94FWUWXAavRupV0oGKBRgU/edit#gid=1197301038
BogueKai,Rare,CVL,https://docs.google.com/spreadsheets/d/1CR2DGTeednInCOThhD3KW94FWUWXAavRupV0oGKBRgU/edit#gid=1197301038
Chaser,Elite,CVL,https://docs.google.com/spreadsheets/d/1CR2DGTeednInCOThhD3KW94FWUWXAavRupV0oGKBRgU/edit#gid=498845132
Hermes,Common,CVL,https://docs.google.com/spreadsheets/d/1CR2DGTeednInCOThhD3KW94FWUWXAavRupV0oGKBRgU/edit#gid=1091830924
HermesKai,Rare,CVL,https://docs.google.com/spreadsheets/d/1CR2DGTeednInCOThhD3KW94FWUWXAavRupV0oGKBRgU/edit#gid=1091830924
Hiyou,Rare,CVL,https://docs.google.com/spreadsheets/d/1CR2DGTeednInCOThhD3KW94FWUWXAavRupV0oGKBRgU/edit#gid=275246368
Houshou,Elite,CVL,https://docs.google.com/spreadsheets/d/1CR2DGTeednInCOThhD3KW94FWUWXAavRupV0oGKBRgU/edit#gid=1684378689
Junyou,Rare,CVL,https://docs.google.com/spreadsheets/d/1CR2DGTeednInCOThhD3KW94FWUWXAavRupV0oGKBRgU/edit#gid=275246368
Langley,Common,CVL,https://docs.google.com/spreadsheets/d/1CR2DGTeednInCOThhD3KW94FWUWXAavRupV0oGKBRgU/edit#gid=2122179630
LangleyKai,Rare,CVL,https://docs.google.com/spreadsheets/d/1CR2DGTeednInCOThhD3KW94FWUWXAavRupV0oGKBRgU/edit#gid=2122179630
Long Island,Rare,CVL,https://docs.google.com/spreadsheets/d/1CR2DGTeednInCOThhD3KW94FWUWXAavRupV0oGKBRgU/edit#gid=1197301038
Long IslandKai,Elite,CVL,https://docs.google.com/spreadsheets/d/1CR2DGTeednInCOThhD3KW94FWUWXAavRupV0oGKBRgU/edit#gid=1197301038
Ranger,Common,CVL,https://docs.google.com/spreadsheets/d/1CR2DGTeednInCOThhD3KW94FWUWXAavRupV0oGKBRgU/edit#gid=440400831
RangerKai,Rare,CVL,https://docs.google.com/spreadsheets/d/1CR2DGTeednInCOThhD3KW94FWUWXAavRupV0oGKBRgU/edit#gid=440400831
Ryuujou,Elite,CVL,https://docs.google.com/spreadsheets/d/1CR2DGTeednInCOThhD3KW94FWUWXAavRupV0oGKBRgU/edit#gid=498845132
Shouhou,Rare,CVL,https://docs.google.com/spreadsheets/d/1CR2DGTeednInCOThhD3KW94FWUWXAavRupV0oGKBRgU/edit#gid=1197301038
ShouhouKai,Elite,CVL,https://docs.google.com/spreadsheets/d/1CR2DGTeednInCOThhD3KW94FWUWXAavRupV0oGKBRgU/edit#gid=1197301038
Bataan,Elite,CVL,https://docs.google.com/spreadsheets/d/1CR2DGTeednInCOThhD3KW94FWUWXAavRupV0oGKBRgU/edit#gid=1305927368
Unicorn,Elite,CVL,https://docs.google.com/spreadsheets/d/1CR2DGTeednInCOThhD3KW94FWUWXAavRupV0oGKBRgU/edit#gid=498845132
Centaur,SSR,CVL,https://docs.google.com/spreadsheets/d/1CR2DGTeednInCOThhD3KW94FWUWXAavRupV0oGKBRgU/edit#gid=479480423
Acasta,Rare,DD,https://docs.google.com/spreadsheets/d/1d36RnAMGRexmba1oBcT2FST6EfxFb0LFKIAmNoRAY_c/edit#gid=1276690388
AcastaKai,Elite,DD,https://docs.google.com/spreadsheets/d/1d36RnAMGRexmba1oBcT2FST6EfxFb0LFKIAmNoRAY_c/edit#gid=1276690388
Akatsuki,Rare,DD,https://docs.google.com/spreadsheets/d/1d36RnAMGRexmba1oBcT2FST6EfxFb0LFKIAmNoRAY_c/edit#gid=1276690388
Amazon,Rare,DD,https://docs.google.com/spreadsheets/d/1d36RnAMGRexmba1oBcT2FST6EfxFb0LFKIAmNoRAY_c/edit#gid=1276690388
An Shan,Elite,DD,https://docs.google.com/spreadsheets/d/1d36RnAMGRexmba1oBcT2FST6EfxFb0LFKIAmNoRAY_c/edit#gid=1276690388
Ardent,Rare,DD,https://docs.google.com/spreadsheets/d/1d36RnAMGRexmba1oBcT2FST6EfxFb0LFKIAmNoRAY_c/edit#gid=1276690388
ArdentKai,Elite,DD,https://docs.google.com/spreadsheets/d/1d36RnAMGRexmba1oBcT2FST6EfxFb0LFKIAmNoRAY_c/edit#gid=1276690388
Ariake,Rare,DD,https://docs.google.com/spreadsheets/d/1d36RnAMGRexmba1oBcT2FST6EfxFb0LFKIAmNoRAY_c/edit#gid=1276690388
Asashio,Rare,DD,https://docs.google.com/spreadsheets/d/1d36RnAMGRexmba1oBcT2FST6EfxFb0LFKIAmNoRAY_c/edit#gid=1276690388
Aulick,Common,DD,https://docs.google.com/spreadsheets/d/1d36RnAMGRexmba1oBcT2FST6EfxFb0LFKIAmNoRAY_c/edit#gid=1276690388
Ayanami,Elite,DD,https://docs.google.com/spreadsheets/d/1d36RnAMGRexmba1oBcT2FST6EfxFb0LFKIAmNoRAY_c/edit#gid=1809136682
AyanamiKai,SSR,DD,https://docs.google.com/spreadsheets/d/1d36RnAMGRexmba1oBcT2FST6EfxFb0LFKIAmNoRAY_c/edit#gid=1809136682
Aylwin,Rare,DD,https://docs.google.com/spreadsheets/d/1d36RnAMGRexmba1oBcT2FST6EfxFb0LFKIAmNoRAY_c/edit#gid=1276690388
Bache,Rare,DD,https://docs.google.com/spreadsheets/d/1d36RnAMGRexmba1oBcT2FST6EfxFb0LFKIAmNoRAY_c/edit#gid=1276690388
Bailey,Rare,DD,https://docs.google.com/spreadsheets/d/1d36RnAMGRexmba1oBcT2FST6EfxFb0LFKIAmNoRAY_c/edit#gid=1276690388
BaileyKai,Elite,DD,https://docs.google.com/spreadsheets/d/1d36RnAMGRexmba1oBcT2FST6EfxFb0LFKIAmNoRAY_c/edit#gid=1276690388
Beagle,Common,DD,https://docs.google.com/spreadsheets/d/1d36RnAMGRexmba1oBcT2FST6EfxFb0LFKIAmNoRAY_c/edit#gid=1276690388
Benson,Rare,DD,https://docs.google.com/spreadsheets/d/1d36RnAMGRexmba1oBcT2FST6EfxFb0LFKIAmNoRAY_c/edit#gid=1276690388
Blanc,Elite,DD,https://docs.google.com/spreadsheets/d/1d36RnAMGRexmba1oBcT2FST6EfxFb0LFKIAmNoRAY_c/edit#gid=1276690388
Bulldog,Common,DD,https://docs.google.com/spreadsheets/d/1d36RnAMGRexmba1oBcT2FST6EfxFb0LFKIAmNoRAY_c/edit#gid=1276690388
Carabiniere ,Elite,DD,https://docs.google.com/spreadsheets/d/1d36RnAMGRexmba1oBcT2FST6EfxFb0LFKIAmNoRAY_c/edit#gid=1276690388
Cassin,Common,DD,https://docs.google.com/spreadsheets/d/1d36RnAMGRexmba1oBcT2FST6EfxFb0LFKIAmNoRAY_c/edit#gid=1276690388
CassinKai,Rare,DD,https://docs.google.com/spreadsheets/d/1d36RnAMGRexmba1oBcT2FST6EfxFb0LFKIAmNoRAY_c/edit#gid=1276690388
Chang Chun,Elite,DD,https://docs.google.com/spreadsheets/d/1d36RnAMGRexmba1oBcT2FST6EfxFb0LFKIAmNoRAY_c/edit#gid=1276690388
Charles Ausburne,Elite,DD,https://docs.google.com/spreadsheets/d/1d36RnAMGRexmba1oBcT2FST6EfxFb0LFKIAmNoRAY_c/edit#gid=1276690388
Comet,Common,DD,https://docs.google.com/spreadsheets/d/1d36RnAMGRexmba1oBcT2FST6EfxFb0LFKIAmNoRAY_c/edit#gid=1276690388
CometKai,Rare,DD,https://docs.google.com/spreadsheets/d/1d36RnAMGRexmba1oBcT2FST6EfxFb0LFKIAmNoRAY_c/edit#gid=1276690388
Craven,Common,DD,https://docs.google.com/spreadsheets/d/1d36RnAMGRexmba1oBcT2FST6EfxFb0LFKIAmNoRAY_c/edit#gid=1276690388
Crescent,Common,DD,https://docs.google.com/spreadsheets/d/1d36RnAMGRexmba1oBcT2FST6EfxFb0LFKIAmNoRAY_c/edit#gid=1276690388
CrescentKai,Rare,DD,https://docs.google.com/spreadsheets/d/1d36RnAMGRexmba1oBcT2FST6EfxFb0LFKIAmNoRAY_c/edit#gid=1276690388
Cygnet,Common,DD,https://docs.google.com/spreadsheets/d/1d36RnAMGRexmba1oBcT2FST6EfxFb0LFKIAmNoRAY_c/edit#gid=1276690388
CygnetKai,Rare,DD,https://docs.google.com/spreadsheets/d/1d36RnAMGRexmba1oBcT2FST6EfxFb0LFKIAmNoRAY_c/edit#gid=1276690388
Downes,Common,DD,https://docs.google.com/spreadsheets/d/1d36RnAMGRexmba1oBcT2FST6EfxFb0LFKIAmNoRAY_c/edit#gid=1276690388
DownesKai,Rare,DD,https://docs.google.com/spreadsheets/d/1d36RnAMGRexmba1oBcT2FST6EfxFb0LFKIAmNoRAY_c/edit#gid=1276690388
Echo,Rare,DD,https://docs.google.com/spreadsheets/d/1d36RnAMGRexmba1oBcT2FST6EfxFb0LFKIAmNoRAY_c/edit#gid=1276690388
Eldridge,SSR,DD,https://docs.google.com/spreadsheets/d/1d36RnAMGRexmba1oBcT2FST6EfxFb0LFKIAmNoRAY_c/edit#gid=839692559
Fletcher,Rare,DD,https://docs.google.com/spreadsheets/d/1d36RnAMGRexmba1oBcT2FST6EfxFb0LFKIAmNoRAY_c/edit#gid=1276690388
Foote,Common,DD,https://docs.google.com/spreadsheets/d/1d36RnAMGRexmba1oBcT2FST6EfxFb0LFKIAmNoRAY_c/edit#gid=1276690388
Forbin,Rare,DD,https://docs.google.com/spreadsheets/d/1d36RnAMGRexmba1oBcT2FST6EfxFb0LFKIAmNoRAY_c/edit#gid=1276690388
ForbinKai,Elite,DD,https://docs.google.com/spreadsheets/d/1d36RnAMGRexmba1oBcT2FST6EfxFb0LFKIAmNoRAY_c/edit#gid=1276690388
Fortune,Rare,DD,https://docs.google.com/spreadsheets/d/1d36RnAMGRexmba1oBcT2FST6EfxFb0LFKIAmNoRAY_c/edit#gid=1276690388
FortuneKai,Elite,DD,https://docs.google.com/spreadsheets/d/1d36RnAMGRexmba1oBcT2FST6EfxFb0LFKIAmNoRAY_c/edit#gid=1276690388
Foxhound,Common,DD,https://docs.google.com/spreadsheets/d/1d36RnAMGRexmba1oBcT2FST6EfxFb0LFKIAmNoRAY_c/edit#gid=1276690388
FoxhoundKai,Rare,DD,https://docs.google.com/spreadsheets/d/1d36RnAMGRexmba1oBcT2FST6EfxFb0LFKIAmNoRAY_c/edit#gid=1276690388
Fu Shun,Elite,DD,https://docs.google.com/spreadsheets/d/1d36RnAMGRexmba1oBcT2FST6EfxFb0LFKIAmNoRAY_c/edit#gid=1276690388
Fubuki,Elite,DD,https://docs.google.com/spreadsheets/d/1d36RnAMGRexmba1oBcT2FST6EfxFb0LFKIAmNoRAY_c/edit#gid=1276690388
Fumizuki,Rare,DD,https://docs.google.com/spreadsheets/d/1d36RnAMGRexmba1oBcT2FST6EfxFb0LFKIAmNoRAY_c/edit#gid=1276690388
Glowworm,Elite,DD,https://docs.google.com/spreadsheets/d/1d36RnAMGRexmba1oBcT2FST6EfxFb0LFKIAmNoRAY_c/edit#gid=1276690388
Grenville,Elite,DD,https://docs.google.com/spreadsheets/d/1d36RnAMGRexmba1oBcT2FST6EfxFb0LFKIAmNoRAY_c/edit#gid=1276690388
Gridley,Rare,DD,https://docs.google.com/spreadsheets/d/1d36RnAMGRexmba1oBcT2FST6EfxFb0LFKIAmNoRAY_c/edit#gid=1276690388
Hammann,Rare,DD,https://docs.google.com/spreadsheets/d/1d36RnAMGRexmba1oBcT2FST6EfxFb0LFKIAmNoRAY_c/edit#gid=1276690388
HammannKai,Elite,DD,https://docs.google.com/spreadsheets/d/1d36RnAMGRexmba1oBcT2FST6EfxFb0LFKIAmNoRAY_c/edit#gid=1276690388
Harutsuki,Elite,DD,https://docs.google.com/spreadsheets/d/1d36RnAMGRexmba1oBcT2FST6EfxFb0LFKIAmNoRAY_c/edit#gid=1276690388
Hatakaze,Rare,DD,https://docs.google.com/spreadsheets/d/1d36RnAMGRexmba1oBcT2FST6EfxFb0LFKIAmNoRAY_c/edit#gid=1276690388
Hatsuharu,Rare,DD,https://docs.google.com/spreadsheets/d/1d36RnAMGRexmba1oBcT2FST6EfxFb0LFKIAmNoRAY_c/edit#gid=1276690388
Hatsushimo,Rare,DD,https://docs.google.com/spreadsheets/d/1d36RnAMGRexmba1oBcT2FST6EfxFb0LFKIAmNoRAY_c/edit#gid=1276690388
Hobby,Rare,DD,https://docs.google.com/spreadsheets/d/1d36RnAMGRexmba1oBcT2FST6EfxFb0LFKIAmNoRAY_c/edit#gid=1276690388
Ikazuchi,Rare,DD,https://docs.google.com/spreadsheets/d/1d36RnAMGRexmba1oBcT2FST6EfxFb0LFKIAmNoRAY_c/edit#gid=1276690388
Inazuma,Rare,DD,https://docs.google.com/spreadsheets/d/1d36RnAMGRexmba1oBcT2FST6EfxFb0LFKIAmNoRAY_c/edit#gid=1276690388
Isokaze,Rare,DD,https://docs.google.com/spreadsheets/d/1d36RnAMGRexmba1oBcT2FST6EfxFb0LFKIAmNoRAY_c/edit#gid=1276690388
Javelin,Elite,DD,https://docs.google.com/spreadsheets/d/1d36RnAMGRexmba1oBcT2FST6EfxFb0LFKIAmNoRAY_c/edit#gid=839692559
JavelinKai,SSR,DD,https://docs.google.com/spreadsheets/d/1d36RnAMGRexmba1oBcT2FST6EfxFb0LFKIAmNoRAY_c/edit#gid=839692559
Jenkins,Rare,DD,https://docs.google.com/spreadsheets/d/1d36RnAMGRexmba1oBcT2FST6EfxFb0LFKIAmNoRAY_c/edit#gid=1276690388
Juno,Rare,DD,https://docs.google.com/spreadsheets/d/1d36RnAMGRexmba1oBcT2FST6EfxFb0LFKIAmNoRAY_c/edit#gid=1276690388
Kagerou,Rare,DD,https://docs.google.com/spreadsheets/d/1d36RnAMGRexmba1oBcT2FST6EfxFb0LFKIAmNoRAY_c/edit#gid=1276690388
KagerouKai,Elite,DD,https://docs.google.com/spreadsheets/d/1d36RnAMGRexmba1oBcT2FST6EfxFb0LFKIAmNoRAY_c/edit#gid=1276690388
Kalk,Rare,DD,https://docs.google.com/spreadsheets/d/1d36RnAMGRexmba1oBcT2FST6EfxFb0LFKIAmNoRAY_c/edit#gid=1276690388
Kamikaze,Rare,DD,https://docs.google.com/spreadsheets/d/1d36RnAMGRexmba1oBcT2FST6EfxFb0LFKIAmNoRAY_c/edit#gid=1276690388
KamikazeKai,Elite,DD,https://docs.google.com/spreadsheets/d/1d36RnAMGRexmba1oBcT2FST6EfxFb0LFKIAmNoRAY_c/edit#gid=1276690388
Kawakaze,SSR,DD,https://docs.google.com/spreadsheets/d/1d36RnAMGRexmba1oBcT2FST6EfxFb0LFKIAmNoRAY_c/edit#gid=1809136682
Kimberly,Rare,DD,https://docs.google.com/spreadsheets/d/1d36RnAMGRexmba1oBcT2FST6EfxFb0LFKIAmNoRAY_c/edit#gid=1276690388
Kisaragi,Common,DD,https://docs.google.com/spreadsheets/d/1d36RnAMGRexmba1oBcT2FST6EfxFb0LFKIAmNoRAY_c/edit#gid=1276690388
Kizuna AI,Elite,DD,https://docs.google.com/spreadsheets/d/1d36RnAMGRexmba1oBcT2FST6EfxFb0LFKIAmNoRAY_c/edit#gid=1276690388
Laffey,Elite,DD,https://docs.google.com/spreadsheets/d/1d36RnAMGRexmba1oBcT2FST6EfxFb0LFKIAmNoRAY_c/edit#gid=1957418736
LaffeyKai,SSR,DD,https://docs.google.com/spreadsheets/d/1d36RnAMGRexmba1oBcT2FST6EfxFb0LFKIAmNoRAY_c/edit#gid=1957418736
Le Mars,Rare,DD,https://docs.google.com/spreadsheets/d/1d36RnAMGRexmba1oBcT2FST6EfxFb0LFKIAmNoRAY_c/edit#gid=1276690388
Le MarsKai,Elite,DD,https://docs.google.com/spreadsheets/d/1d36RnAMGRexmba1oBcT2FST6EfxFb0LFKIAmNoRAY_c/edit#gid=1276690388
Le Temeraire,Elite,DD,https://docs.google.com/spreadsheets/d/1d36RnAMGRexmba1oBcT2FST6EfxFb0LFKIAmNoRAY_c/edit#gid=1276690388
Le Triomphant,SSR,DD,https://docs.google.com/spreadsheets/d/1d36RnAMGRexmba1oBcT2FST6EfxFb0LFKIAmNoRAY_c/edit#gid=1276690388
Makinami,Elite,DD,https://docs.google.com/spreadsheets/d/1d36RnAMGRexmba1oBcT2FST6EfxFb0LFKIAmNoRAY_c/edit#gid=1276690388
Matchless,Elite,DD,https://docs.google.com/spreadsheets/d/1d36RnAMGRexmba1oBcT2FST6EfxFb0LFKIAmNoRAY_c/edit#gid=1276690388
Matsukaze,Rare,DD,https://docs.google.com/spreadsheets/d/1d36RnAMGRexmba1oBcT2FST6EfxFb0LFKIAmNoRAY_c/edit#gid=1276690388
MatsukazeKai,Elite,DD,https://docs.google.com/spreadsheets/d/1d36RnAMGRexmba1oBcT2FST6EfxFb0LFKIAmNoRAY_c/edit#gid=1276690388
Maury,Elite,DD,https://docs.google.com/spreadsheets/d/1d36RnAMGRexmba1oBcT2FST6EfxFb0LFKIAmNoRAY_c/edit#gid=1276690388
McCall,Common,DD,https://docs.google.com/spreadsheets/d/1d36RnAMGRexmba1oBcT2FST6EfxFb0LFKIAmNoRAY_c/edit#gid=1276690388
Mikazuki,Common,DD,https://docs.google.com/spreadsheets/d/1d36RnAMGRexmba1oBcT2FST6EfxFb0LFKIAmNoRAY_c/edit#gid=1276690388
Minazuki,Common,DD,https://docs.google.com/spreadsheets/d/1d36RnAMGRexmba1oBcT2FST6EfxFb0LFKIAmNoRAY_c/edit#gid=1276690388
Mullany,Elite,DD,https://docs.google.com/spreadsheets/d/1d36RnAMGRexmba1oBcT2FST6EfxFb0LFKIAmNoRAY_c/edit#gid=1276690388
Musketeer,Elite,DD,https://docs.google.com/spreadsheets/d/1d36RnAMGRexmba1oBcT2FST6EfxFb0LFKIAmNoRAY_c/edit#gid=1276690388
Mutsuki,Common,DD,https://docs.google.com/spreadsheets/d/1d36RnAMGRexmba1oBcT2FST6EfxFb0LFKIAmNoRAY_c/edit#gid=1276690388
MutsukiKai,Rare,DD,https://docs.google.com/spreadsheets/d/1d36RnAMGRexmba1oBcT2FST6EfxFb0LFKIAmNoRAY_c/edit#gid=1276690388
Nicholas,Elite,DD,https://docs.google.com/spreadsheets/d/1d36RnAMGRexmba1oBcT2FST6EfxFb0LFKIAmNoRAY_c/edit#gid=1276690388
NicholasKai,SSR,DD,https://docs.google.com/spreadsheets/d/1d36RnAMGRexmba1oBcT2FST6EfxFb0LFKIAmNoRAY_c/edit#gid=1276690388
Niizuki,Elite,DD,https://docs.google.com/spreadsheets/d/1d36RnAMGRexmba1oBcT2FST6EfxFb0LFKIAmNoRAY_c/edit#gid=1276690388
Nowaki,Elite,DD,https://docs.google.com/spreadsheets/d/1d36RnAMGRexmba1oBcT2FST6EfxFb0LFKIAmNoRAY_c/edit#gid=1276690388
Ooshio,Rare,DD,https://docs.google.com/spreadsheets/d/1d36RnAMGRexmba1oBcT2FST6EfxFb0LFKIAmNoRAY_c/edit#gid=1276690388
Radford,Rare,DD,https://docs.google.com/spreadsheets/d/1d36RnAMGRexmba1oBcT2FST6EfxFb0LFKIAmNoRAY_c/edit#gid=1276690388
Shigure,Elite,DD,https://docs.google.com/spreadsheets/d/1d36RnAMGRexmba1oBcT2FST6EfxFb0LFKIAmNoRAY_c/edit#gid=1276690388
Shiranui,Common,DD,https://docs.google.com/spreadsheets/d/1d36RnAMGRexmba1oBcT2FST6EfxFb0LFKIAmNoRAY_c/edit#gid=1276690388
ShiranuiKai,Rare,DD,https://docs.google.com/spreadsheets/d/1d36RnAMGRexmba1oBcT2FST6EfxFb0LFKIAmNoRAY_c/edit#gid=1276690388
Shiratsuyu,Rare,DD,https://docs.google.com/spreadsheets/d/1d36RnAMGRexmba1oBcT2FST6EfxFb0LFKIAmNoRAY_c/edit#gid=1276690388
Sims,Rare,DD,https://docs.google.com/spreadsheets/d/1d36RnAMGRexmba1oBcT2FST6EfxFb0LFKIAmNoRAY_c/edit#gid=1276690388
SimsKai,Elite,DD,https://docs.google.com/spreadsheets/d/1d36RnAMGRexmba1oBcT2FST6EfxFb0LFKIAmNoRAY_c/edit#gid=1276690388
Spence,Common,DD,https://docs.google.com/spreadsheets/d/1d36RnAMGRexmba1oBcT2FST6EfxFb0LFKIAmNoRAY_c/edit#gid=1276690388
Stanly,Rare,DD,https://docs.google.com/spreadsheets/d/1d36RnAMGRexmba1oBcT2FST6EfxFb0LFKIAmNoRAY_c/edit#gid=1276690388
Tai Yuan,Elite,DD,https://docs.google.com/spreadsheets/d/1d36RnAMGRexmba1oBcT2FST6EfxFb0LFKIAmNoRAY_c/edit#gid=1276690388
Tanikaze,Rare,DD,https://docs.google.com/spreadsheets/d/1d36RnAMGRexmba1oBcT2FST6EfxFb0LFKIAmNoRAY_c/edit#gid=1276690388
TanikazeKai,Elite,DD,https://docs.google.com/spreadsheets/d/1d36RnAMGRexmba1oBcT2FST6EfxFb0LFKIAmNoRAY_c/edit#gid=1276690388
Thatcher,Rare,DD,https://docs.google.com/spreadsheets/d/1d36RnAMGRexmba1oBcT2FST6EfxFb0LFKIAmNoRAY_c/edit#gid=1276690388
Trial Bullin MKII,SSR,DD,https://docs.google.com/spreadsheets/d/1d36RnAMGRexmba1oBcT2FST6EfxFb0LFKIAmNoRAY_c/edit#gid=1276690388
Universal Bullin,Elite,DD,https://docs.google.com/spreadsheets/d/1d36RnAMGRexmba1oBcT2FST6EfxFb0LFKIAmNoRAY_c/edit#gid=1276690388
Urakaze,Rare,DD,https://docs.google.com/spreadsheets/d/1d36RnAMGRexmba1oBcT2FST6EfxFb0LFKIAmNoRAY_c/edit#gid=1276690388
Uzuki,Common,DD,https://docs.google.com/spreadsheets/d/1d36RnAMGRexmba1oBcT2FST6EfxFb0LFKIAmNoRAY_c/edit#gid=1276690388
Vampire,Elite,DD,https://docs.google.com/spreadsheets/d/1d36RnAMGRexmba1oBcT2FST6EfxFb0LFKIAmNoRAY_c/edit#gid=1276690388
Wakaba,Rare,DD,https://docs.google.com/spreadsheets/d/1d36RnAMGRexmba1oBcT2FST6EfxFb0LFKIAmNoRAY_c/edit#gid=1276690388
White Heart,SSR,DD,https://docs.google.com/spreadsheets/d/1d36RnAMGRexmba1oBcT2FST6EfxFb0LFKIAmNoRAY_c/edit#gid=1276690388
Yoizuki,ELite,DD,https://docs.google.com/spreadsheets/d/1d36RnAMGRexmba1oBcT2FST6EfxFb0LFKIAmNoRAY_c/edit#gid=1276690388
Yukikaze,SSR,DD,https://docs.google.com/spreadsheets/d/1d36RnAMGRexmba1oBcT2FST6EfxFb0LFKIAmNoRAY_c/edit#gid=1809136682
Yuudachi,SSR,DD,https://docs.google.com/spreadsheets/d/1d36RnAMGRexmba1oBcT2FST6EfxFb0LFKIAmNoRAY_c/edit#gid=1809136682
Yuugure,Rare,DD,https://docs.google.com/spreadsheets/d/1d36RnAMGRexmba1oBcT2FST6EfxFb0LFKIAmNoRAY_c/edit#gid=1276690388
Z1,Elite,DD,https://docs.google.com/spreadsheets/d/1d36RnAMGRexmba1oBcT2FST6EfxFb0LFKIAmNoRAY_c/edit#gid=1276690388
Z1Kai,SSR,DD,https://docs.google.com/spreadsheets/d/1d36RnAMGRexmba1oBcT2FST6EfxFb0LFKIAmNoRAY_c/edit#gid=1276690388
Z18,Rare,DD,https://docs.google.com/spreadsheets/d/1d36RnAMGRexmba1oBcT2FST6EfxFb0LFKIAmNoRAY_c/edit#gid=1276690388
Z19,Rare,DD,https://docs.google.com/spreadsheets/d/1d36RnAMGRexmba1oBcT2FST6EfxFb0LFKIAmNoRAY_c/edit#gid=1276690388
Z20,Common,DD,https://docs.google.com/spreadsheets/d/1d36RnAMGRexmba1oBcT2FST6EfxFb0LFKIAmNoRAY_c/edit#gid=1276690388
Z21,Common,DD,https://docs.google.com/spreadsheets/d/1d36RnAMGRexmba1oBcT2FST6EfxFb0LFKIAmNoRAY_c/edit#gid=1276690388
Z23,Elite,DD,https://docs.google.com/spreadsheets/d/1d36RnAMGRexmba1oBcT2FST6EfxFb0LFKIAmNoRAY_c/edit#gid=839692559
Z23Kai,SSR,DD,https://docs.google.com/spreadsheets/d/1d36RnAMGRexmba1oBcT2FST6EfxFb0LFKIAmNoRAY_c/edit#gid=839692559
Z25,Elite,DD,https://docs.google.com/spreadsheets/d/1d36RnAMGRexmba1oBcT2FST6EfxFb0LFKIAmNoRAY_c/edit#gid=1276690388
Z35,Elite,DD,https://docs.google.com/spreadsheets/d/1d36RnAMGRexmba1oBcT2FST6EfxFb0LFKIAmNoRAY_c/edit#gid=1276690388
Z36,Elite,DD,https://docs.google.com/spreadsheets/d/1d36RnAMGRexmba1oBcT2FST6EfxFb0LFKIAmNoRAY_c/edit#gid=1276690388
Z46,SSR,DD,https://docs.google.com/spreadsheets/d/1d36RnAMGRexmba1oBcT2FST6EfxFb0LFKIAmNoRAY_c/edit#gid=1027319160
Albacore,SSR,SS,https://docs.google.com/spreadsheets/d/1Rcyj7FaJMG7qiOa18GGrqViE7tG1iopCRYdv3ynHHzA/edit#gid=88200309
I-168,SSR,SS,https://docs.google.com/spreadsheets/d/1Rcyj7FaJMG7qiOa18GGrqViE7tG1iopCRYdv3ynHHzA/edit#gid=88200309
I-19,SSR,SS,https://docs.google.com/spreadsheets/d/1Rcyj7FaJMG7qiOa18GGrqViE7tG1iopCRYdv3ynHHzA/edit#gid=88200309
U-101,SSR,SS,https://docs.google.com/spreadsheets/d/1Rcyj7FaJMG7qiOa18GGrqViE7tG1iopCRYdv3ynHHzA/edit#gid=88200309
Cavalla,SSR,SS,https://docs.google.com/spreadsheets/d/1Rcyj7FaJMG7qiOa18GGrqViE7tG1iopCRYdv3ynHHzA/edit#gid=88200309
U-81,SSR,SS,https://docs.google.com/spreadsheets/d/1Rcyj7FaJMG7qiOa18GGrqViE7tG1iopCRYdv3ynHHzA/edit#gid=88200309
Dace,Elite,SS,https://docs.google.com/spreadsheets/d/1Rcyj7FaJMG7qiOa18GGrqViE7tG1iopCRYdv3ynHHzA/edit#gid=88200309
I-25,Elite,SS,https://docs.google.com/spreadsheets/d/1Rcyj7FaJMG7qiOa18GGrqViE7tG1iopCRYdv3ynHHzA/edit#gid=88200309
I-26,Elite,SS,https://docs.google.com/spreadsheets/d/1Rcyj7FaJMG7qiOa18GGrqViE7tG1iopCRYdv3ynHHzA/edit#gid=88200309
I-56,Elite,SS,https://docs.google.com/spreadsheets/d/1Rcyj7FaJMG7qiOa18GGrqViE7tG1iopCRYdv3ynHHzA/edit#gid=88200309
I-58,Elite,SS,https://docs.google.com/spreadsheets/d/1Rcyj7FaJMG7qiOa18GGrqViE7tG1iopCRYdv3ynHHzA/edit#gid=88200309
Surcouf,Elite,SS,https://docs.google.com/spreadsheets/d/1Rcyj7FaJMG7qiOa18GGrqViE7tG1iopCRYdv3ynHHzA/edit#gid=585953469
U-522,Elite,SS,https://docs.google.com/spreadsheets/d/1Rcyj7FaJMG7qiOa18GGrqViE7tG1iopCRYdv3ynHHzA/edit#gid=88200309
U-556,Elite,SS,https://docs.google.com/spreadsheets/d/1Rcyj7FaJMG7qiOa18GGrqViE7tG1iopCRYdv3ynHHzA/edit#gid=88200309
U-73,Elite,SS,https://docs.google.com/spreadsheets/d/1Rcyj7FaJMG7qiOa18GGrqViE7tG1iopCRYdv3ynHHzA/edit#gid=88200309
Kiyonami,Rare,DD,https://docs.google.com/spreadsheets/d/1d36RnAMGRexmba1oBcT2FST6EfxFb0LFKIAmNoRAY_c/edit#gid=1276690388
Mikasa,SR,BB,https://docs.google.com/spreadsheets/d/1qev0WZp-YoyzwzbGRqSYcsTMiAu--dwSDy48bnkCXuY/edit#gid=731360712
Hiei,Elite,BB,https://docs.google.com/spreadsheets/d/1qev0WZp-YoyzwzbGRqSYcsTMiAu--dwSDy48bnkCXuY/edit#gid=924641679
Oyashio,Rare,DD,https://docs.google.com/spreadsheets/d/1d36RnAMGRexmba1oBcT2FST6EfxFb0LFKIAmNoRAY_c/edit#gid=1276690388
Kuroshio,Rare,DD,https://docs.google.com/spreadsheets/d/1d36RnAMGRexmba1oBcT2FST6EfxFb0LFKIAmNoRAY_c/edit#gid=1276690388
HamakazeKai,Rare,DD,https://docs.google.com/spreadsheets/d/1d36RnAMGRexmba1oBcT2FST6EfxFb0LFKIAmNoRAY_c/edit#gid=1276690388
Hamakaze,Rare,DD,https://docs.google.com/spreadsheets/d/1d36RnAMGRexmba1oBcT2FST6EfxFb0LFKIAmNoRAY_c/edit#gid=1276690388
U-110,Elite,SS,https://docs.google.com/spreadsheets/d/1Rcyj7FaJMG7qiOa18GGrqViE7tG1iopCRYdv3ynHHzA/edit#gid=88200309
U-557,Elite,SS,https://docs.google.com/spreadsheets/d/1Rcyj7FaJMG7qiOa18GGrqViE7tG1iopCRYdv3ynHHzA/edit#gid=88200309
U-47,SSR,SS,https://docs.google.com/spreadsheets/d/1Rcyj7FaJMG7qiOa18GGrqViE7tG1iopCRYdv3ynHHzA/edit#gid=88200309
Smalley,Rare,DD,https://docs.google.com/spreadsheets/d/1d36RnAMGRexmba1oBcT2FST6EfxFb0LFKIAmNoRAY_c/edit#gid=1276690388
Memphis,Rare,CL,https://docs.google.com/spreadsheets/d/1WsOM6HQd9GretI-neVAoWnVNw8tUjt6h5u0z6JiFszc/edit#gid=1389579413
